{
	"start":	{
		"connected":	[{
				"socket":	7,
				"local_host":	"10.0.0.1",
				"local_port":	59500,
				"remote_host":	"10.0.0.2",
				"remote_port":	5201
			}],
		"version":	"iperf 3.7",
		"system_info":	"Linux mininet-vm 5.4.0-42-generic #46-Ubuntu SMP Fri Jul 10 00:24:02 UTC 2020 x86_64",
		"timestamp":	{
			"time":	"Tue, 26 Mar 2024 19:22:08 GMT",
			"timesecs":	1711480928
		},
		"connecting_to":	{
			"host":	"10.0.0.2",
			"port":	5201
		},
		"cookie":	"g53x425lbuykbyd73u5q7yuhkae2sv5nwx5o",
		"tcp_mss_default":	1448,
		"sock_bufsize":	0,
		"sndbuf_actual":	87380,
		"rcvbuf_actual":	87380,
		"test_start":	{
			"protocol":	"TCP",
			"num_streams":	1,
			"blksize":	131072,
			"omit":	0,
			"duration":	10,
			"bytes":	0,
			"blocks":	0,
			"reverse":	0,
			"tos":	0
		}
	},
	"intervals":	[{
			"streams":	[{
					"socket":	7,
					"start":	0,
					"end":	1.000288,
					"seconds":	1.0002880096435547,
					"bytes":	2807006736,
					"bits_per_second":	22449588190.107418,
					"retransmits":	9,
					"snd_cwnd":	6098976,
					"rtt":	50,
					"rttvar":	17,
					"pmtu":	1500,
					"omitted":	false,
					"sender":	true
				}],
			"sum":	{
				"start":	0,
				"end":	1.000288,
				"seconds":	1.0002880096435547,
				"bytes":	2807006736,
				"bits_per_second":	22449588190.107418,
				"retransmits":	9,
				"omitted":	false,
				"sender":	true
			}
		}, {
			"streams":	[{
					"socket":	7,
					"start":	1.000288,
					"end":	2.000145,
					"seconds":	0.99985700845718384,
					"bytes":	3198156800,
					"bits_per_second":	25588913398.2058,
					"retransmits":	0,
					"snd_cwnd":	6098976,
					"rtt":	45,
					"rttvar":	9,
					"pmtu":	1500,
					"omitted":	false,
					"sender":	true
				}],
			"sum":	{
				"start":	1.000288,
				"end":	2.000145,
				"seconds":	0.99985700845718384,
				"bytes":	3198156800,
				"bits_per_second":	25588913398.2058,
				"retransmits":	0,
				"omitted":	false,
				"sender":	true
			}
		}, {
			"streams":	[{
					"socket":	7,
					"start":	2.000145,
					"end":	3.000129,
					"seconds":	0.9999840259552002,
					"bytes":	3109027840,
					"bits_per_second":	24872620036.346748,
					"retransmits":	0,
					"snd_cwnd":	6098976,
					"rtt":	63,
					"rttvar":	22,
					"pmtu":	1500,
					"omitted":	false,
					"sender":	true
				}],
			"sum":	{
				"start":	2.000145,
				"end":	3.000129,
				"seconds":	0.9999840259552002,
				"bytes":	3109027840,
				"bits_per_second":	24872620036.346748,
				"retransmits":	0,
				"omitted":	false,
				"sender":	true
			}
		}, {
			"streams":	[{
					"socket":	7,
					"start":	3.000129,
					"end":	4.000362,
					"seconds":	1.0002330541610718,
					"bytes":	3101163520,
					"bits_per_second":	24803527594.6848,
					"retransmits":	0,
					"snd_cwnd":	6098976,
					"rtt":	41,
					"rttvar":	17,
					"pmtu":	1500,
					"omitted":	false,
					"sender":	true
				}],
			"sum":	{
				"start":	3.000129,
				"end":	4.000362,
				"seconds":	1.0002330541610718,
				"bytes":	3101163520,
				"bits_per_second":	24803527594.6848,
				"retransmits":	0,
				"omitted":	false,
				"sender":	true
			}
		}, {
			"streams":	[{
					"socket":	7,
					"start":	4.000362,
					"end":	5.000355,
					"seconds":	0.99999302625656128,
					"bytes":	3039559680,
					"bits_per_second":	24316647018.057594,
					"retransmits":	0,
					"snd_cwnd":	6098976,
					"rtt":	72,
					"rttvar":	43,
					"pmtu":	1500,
					"omitted":	false,
					"sender":	true
				}],
			"sum":	{
				"start":	4.000362,
				"end":	5.000355,
				"seconds":	0.99999302625656128,
				"bytes":	3039559680,
				"bits_per_second":	24316647018.057594,
				"retransmits":	0,
				"omitted":	false,
				"sender":	true
			}
		}, {
			"streams":	[{
					"socket":	7,
					"start":	5.000355,
					"end":	6.000304,
					"seconds":	0.99994897842407227,
					"bytes":	3118202880,
					"bits_per_second":	24946895869.941788,
					"retransmits":	0,
					"snd_cwnd":	9637888,
					"rtt":	50,
					"rttvar":	8,
					"pmtu":	1500,
					"omitted":	false,
					"sender":	true
				}],
			"sum":	{
				"start":	5.000355,
				"end":	6.000304,
				"seconds":	0.99994897842407227,
				"bytes":	3118202880,
				"bits_per_second":	24946895869.941788,
				"retransmits":	0,
				"omitted":	false,
				"sender":	true
			}
		}, {
			"streams":	[{
					"socket":	7,
					"start":	6.000304,
					"end":	7.000106,
					"seconds":	0.99980199337005615,
					"bytes":	3034316800,
					"bits_per_second":	24279341870.661064,
					"retransmits":	0,
					"snd_cwnd":	9637888,
					"rtt":	46,
					"rttvar":	13,
					"pmtu":	1500,
					"omitted":	false,
					"sender":	true
				}],
			"sum":	{
				"start":	6.000304,
				"end":	7.000106,
				"seconds":	0.99980199337005615,
				"bytes":	3034316800,
				"bits_per_second":	24279341870.661064,
				"retransmits":	0,
				"omitted":	false,
				"sender":	true
			}
		}, {
			"streams":	[{
					"socket":	7,
					"start":	7.000106,
					"end":	8.000059,
					"seconds":	0.99995297193527222,
					"bytes":	3091988480,
					"bits_per_second":	24737071176.584469,
					"retransmits":	0,
					"snd_cwnd":	9637888,
					"rtt":	50,
					"rttvar":	22,
					"pmtu":	1500,
					"omitted":	false,
					"sender":	true
				}],
			"sum":	{
				"start":	7.000106,
				"end":	8.000059,
				"seconds":	0.99995297193527222,
				"bytes":	3091988480,
				"bits_per_second":	24737071176.584469,
				"retransmits":	0,
				"omitted":	false,
				"sender":	true
			}
		}, {
			"streams":	[{
					"socket":	7,
					"start":	8.000059,
					"end":	9.00005,
					"seconds":	0.99999099969863892,
					"bytes":	3178496000,
					"bits_per_second":	25428196861.434822,
					"retransmits":	0,
					"snd_cwnd":	9637888,
					"rtt":	56,
					"rttvar":	28,
					"pmtu":	1500,
					"omitted":	false,
					"sender":	true
				}],
			"sum":	{
				"start":	8.000059,
				"end":	9.00005,
				"seconds":	0.99999099969863892,
				"bytes":	3178496000,
				"bits_per_second":	25428196861.434822,
				"retransmits":	0,
				"omitted":	false,
				"sender":	true
			}
		}, {
			"streams":	[{
					"socket":	7,
					"start":	9.00005,
					"end":	10.000371,
					"seconds":	1.0003210306167603,
					"bytes":	3132620800,
					"bits_per_second":	25052923644.470768,
					"retransmits":	0,
					"snd_cwnd":	9637888,
					"rtt":	33,
					"rttvar":	8,
					"pmtu":	1500,
					"omitted":	false,
					"sender":	true
				}],
			"sum":	{
				"start":	9.00005,
				"end":	10.000371,
				"seconds":	1.0003210306167603,
				"bytes":	3132620800,
				"bits_per_second":	25052923644.470768,
				"retransmits":	0,
				"omitted":	false,
				"sender":	true
			}
		}],
	"end":	{
		"streams":	[{
				"sender":	{
					"socket":	7,
					"start":	0,
					"end":	10.000371,
					"seconds":	10.000371,
					"bytes":	30810539536,
					"bits_per_second":	24647517205.911663,
					"retransmits":	9,
					"max_snd_cwnd":	9637888,
					"max_rtt":	72,
					"min_rtt":	33,
					"mean_rtt":	50,
					"sender":	true
				},
				"receiver":	{
					"socket":	7,
					"start":	0,
					"end":	10.002921,
					"seconds":	10.000371,
					"bytes":	30810539536,
					"bits_per_second":	24641233924.370689,
					"sender":	true
				}
			}],
		"sum_sent":	{
			"start":	0,
			"end":	10.000371,
			"seconds":	10.000371,
			"bytes":	30810539536,
			"bits_per_second":	24647517205.911663,
			"retransmits":	9,
			"sender":	true
		},
		"sum_received":	{
			"start":	0,
			"end":	10.002921,
			"seconds":	10.002921,
			"bytes":	30810539536,
			"bits_per_second":	24641233924.370689,
			"sender":	true
		},
		"cpu_utilization_percent":	{
			"host_total":	99.838824290727558,
			"host_user":	0.598237677824061,
			"host_system":	99.240596594677783,
			"remote_total":	12.738324803947018,
			"remote_user":	0.38770292268813017,
			"remote_system":	12.350620321556898
		},
		"sender_tcp_congestion":	"cubic",
		"receiver_tcp_congestion":	"cubic"
	}
}
