{
	"start":	{
		"connected":	[{
				"socket":	5,
				"local_host":	"10.0.0.1",
				"local_port":	36158,
				"remote_host":	"10.0.0.2",
				"remote_port":	5201
			}],
		"version":	"iperf 3.7",
		"system_info":	"Linux mininet-vm 5.4.0-42-generic #46-Ubuntu SMP Fri Jul 10 00:24:02 UTC 2020 x86_64",
		"timestamp":	{
			"time":	"Mon, 13 May 2024 11:47:17 GMT",
			"timesecs":	1715600837
		},
		"connecting_to":	{
			"host":	"10.0.0.2",
			"port":	5201
		},
		"cookie":	"zaaypx6p2jprwykpsf226mwjiamoswmxstz3",
		"tcp_mss_default":	1448,
		"sock_bufsize":	0,
		"sndbuf_actual":	87380,
		"rcvbuf_actual":	87380,
		"test_start":	{
			"protocol":	"TCP",
			"num_streams":	1,
			"blksize":	131072,
			"omit":	0,
			"duration":	30,
			"bytes":	0,
			"blocks":	0,
			"reverse":	0,
			"tos":	0
		}
	},
	"intervals":	[{
			"streams":	[{
					"socket":	5,
					"start":	0,
					"end":	1.001864,
					"seconds":	1.001863956451416,
					"bytes":	85627744,
					"bits_per_second":	683747476.4800756,
					"retransmits":	2970,
					"snd_cwnd":	8145000,
					"rtt":	47572,
					"rttvar":	16848,
					"pmtu":	1500,
					"omitted":	false,
					"sender":	true
				}],
			"sum":	{
				"start":	0,
				"end":	1.001864,
				"seconds":	1.001863956451416,
				"bytes":	85627744,
				"bits_per_second":	683747476.4800756,
				"retransmits":	2970,
				"omitted":	false,
				"sender":	true
			}
		}, {
			"streams":	[{
					"socket":	5,
					"start":	1.001864,
					"end":	2.050237,
					"seconds":	1.0483729839324951,
					"bytes":	9175040,
					"bits_per_second":	70013555.409136966,
					"retransmits":	360,
					"snd_cwnd":	474944,
					"rtt":	55842,
					"rttvar":	29817,
					"pmtu":	1500,
					"omitted":	false,
					"sender":	true
				}],
			"sum":	{
				"start":	1.001864,
				"end":	2.050237,
				"seconds":	1.0483729839324951,
				"bytes":	9175040,
				"bits_per_second":	70013555.409136966,
				"retransmits":	360,
				"omitted":	false,
				"sender":	true
			}
		}, {
			"streams":	[{
					"socket":	5,
					"start":	2.050237,
					"end":	3.002546,
					"seconds":	0.9523090124130249,
					"bytes":	0,
					"bits_per_second":	0,
					"retransmits":	0,
					"snd_cwnd":	124528,
					"rtt":	46663,
					"rttvar":	11072,
					"pmtu":	1500,
					"omitted":	false,
					"sender":	true
				}],
			"sum":	{
				"start":	2.050237,
				"end":	3.002546,
				"seconds":	0.9523090124130249,
				"bytes":	0,
				"bits_per_second":	0,
				"retransmits":	0,
				"omitted":	false,
				"sender":	true
			}
		}, {
			"streams":	[{
					"socket":	5,
					"start":	3.002546,
					"end":	4.002455,
					"seconds":	0.999908983707428,
					"bytes":	0,
					"bits_per_second":	0,
					"retransmits":	0,
					"snd_cwnd":	86880,
					"rtt":	49885,
					"rttvar":	6995,
					"pmtu":	1500,
					"omitted":	false,
					"sender":	true
				}],
			"sum":	{
				"start":	3.002546,
				"end":	4.002455,
				"seconds":	0.999908983707428,
				"bytes":	0,
				"bits_per_second":	0,
				"retransmits":	0,
				"omitted":	false,
				"sender":	true
			}
		}, {
			"streams":	[{
					"socket":	5,
					"start":	4.002455,
					"end":	5.000226,
					"seconds":	0.99777102470397949,
					"bytes":	0,
					"bits_per_second":	0,
					"retransmits":	0,
					"snd_cwnd":	46336,
					"rtt":	45602,
					"rttvar":	7416,
					"pmtu":	1500,
					"omitted":	false,
					"sender":	true
				}],
			"sum":	{
				"start":	4.002455,
				"end":	5.000226,
				"seconds":	0.99777102470397949,
				"bytes":	0,
				"bits_per_second":	0,
				"retransmits":	0,
				"omitted":	false,
				"sender":	true
			}
		}, {
			"streams":	[{
					"socket":	5,
					"start":	5.000226,
					"end":	6.083984,
					"seconds":	1.0837579965591431,
					"bytes":	0,
					"bits_per_second":	0,
					"retransmits":	0,
					"snd_cwnd":	52128,
					"rtt":	47760,
					"rttvar":	10451,
					"pmtu":	1500,
					"omitted":	false,
					"sender":	true
				}],
			"sum":	{
				"start":	5.000226,
				"end":	6.083984,
				"seconds":	1.0837579965591431,
				"bytes":	0,
				"bits_per_second":	0,
				"retransmits":	0,
				"omitted":	false,
				"sender":	true
			}
		}, {
			"streams":	[{
					"socket":	5,
					"start":	6.083984,
					"end":	7.127605,
					"seconds":	1.0436209440231323,
					"bytes":	1310720,
					"bits_per_second":	10047479.460864076,
					"retransmits":	0,
					"snd_cwnd":	49232,
					"rtt":	54769,
					"rttvar":	20559,
					"pmtu":	1500,
					"omitted":	false,
					"sender":	true
				}],
			"sum":	{
				"start":	6.083984,
				"end":	7.127605,
				"seconds":	1.0436209440231323,
				"bytes":	1310720,
				"bits_per_second":	10047479.460864076,
				"retransmits":	0,
				"omitted":	false,
				"sender":	true
			}
		}, {
			"streams":	[{
					"socket":	5,
					"start":	7.127605,
					"end":	8.008159,
					"seconds":	0.88055402040481567,
					"bytes":	0,
					"bits_per_second":	0,
					"retransmits":	0,
					"snd_cwnd":	52128,
					"rtt":	45085,
					"rttvar":	12247,
					"pmtu":	1500,
					"omitted":	false,
					"sender":	true
				}],
			"sum":	{
				"start":	7.127605,
				"end":	8.008159,
				"seconds":	0.88055402040481567,
				"bytes":	0,
				"bits_per_second":	0,
				"retransmits":	0,
				"omitted":	false,
				"sender":	true
			}
		}, {
			"streams":	[{
					"socket":	5,
					"start":	8.008159,
					"end":	9.014785,
					"seconds":	1.0066260099411011,
					"bytes":	0,
					"bits_per_second":	0,
					"retransmits":	0,
					"snd_cwnd":	55024,
					"rtt":	47007,
					"rttvar":	13446,
					"pmtu":	1500,
					"omitted":	false,
					"sender":	true
				}],
			"sum":	{
				"start":	8.008159,
				"end":	9.014785,
				"seconds":	1.0066260099411011,
				"bytes":	0,
				"bits_per_second":	0,
				"retransmits":	0,
				"omitted":	false,
				"sender":	true
			}
		}, {
			"streams":	[{
					"socket":	5,
					"start":	9.014785,
					"end":	10.000349,
					"seconds":	0.98556399345397949,
					"bytes":	0,
					"bits_per_second":	0,
					"retransmits":	0,
					"snd_cwnd":	37648,
					"rtt":	42861,
					"rttvar":	13604,
					"pmtu":	1500,
					"omitted":	false,
					"sender":	true
				}],
			"sum":	{
				"start":	9.014785,
				"end":	10.000349,
				"seconds":	0.98556399345397949,
				"bytes":	0,
				"bits_per_second":	0,
				"retransmits":	0,
				"omitted":	false,
				"sender":	true
			}
		}, {
			"streams":	[{
					"socket":	5,
					"start":	10.000349,
					"end":	11.002639,
					"seconds":	1.0022900104522705,
					"bytes":	0,
					"bits_per_second":	0,
					"retransmits":	0,
					"snd_cwnd":	43440,
					"rtt":	39774,
					"rttvar":	8414,
					"pmtu":	1500,
					"omitted":	false,
					"sender":	true
				}],
			"sum":	{
				"start":	10.000349,
				"end":	11.002639,
				"seconds":	1.0022900104522705,
				"bytes":	0,
				"bits_per_second":	0,
				"retransmits":	0,
				"omitted":	false,
				"sender":	true
			}
		}, {
			"streams":	[{
					"socket":	5,
					"start":	11.002639,
					"end":	12.000307,
					"seconds":	0.99766802787780762,
					"bytes":	0,
					"bits_per_second":	0,
					"retransmits":	2,
					"snd_cwnd":	34752,
					"rtt":	56411,
					"rttvar":	25442,
					"pmtu":	1500,
					"omitted":	false,
					"sender":	true
				}],
			"sum":	{
				"start":	11.002639,
				"end":	12.000307,
				"seconds":	0.99766802787780762,
				"bytes":	0,
				"bits_per_second":	0,
				"retransmits":	2,
				"omitted":	false,
				"sender":	true
			}
		}, {
			"streams":	[{
					"socket":	5,
					"start":	12.000307,
					"end":	13.000455,
					"seconds":	1.0001480579376221,
					"bytes":	0,
					"bits_per_second":	0,
					"retransmits":	0,
					"snd_cwnd":	37648,
					"rtt":	61529,
					"rttvar":	32941,
					"pmtu":	1500,
					"omitted":	false,
					"sender":	true
				}],
			"sum":	{
				"start":	12.000307,
				"end":	13.000455,
				"seconds":	1.0001480579376221,
				"bytes":	0,
				"bits_per_second":	0,
				"retransmits":	0,
				"omitted":	false,
				"sender":	true
			}
		}, {
			"streams":	[{
					"socket":	5,
					"start":	13.000455,
					"end":	14.000511,
					"seconds":	1.0000560283660889,
					"bytes":	0,
					"bits_per_second":	0,
					"retransmits":	0,