{
	"start":	{
		"connected":	[{
				"socket":	5,
				"local_host":	"10.0.0.1",
				"local_port":	49694,
				"remote_host":	"10.0.0.2",
				"remote_port":	5201
			}],
		"version":	"iperf 3.7",
		"system_info":	"Linux mininet-vm 5.4.0-42-generic #46-Ubuntu SMP Fri Jul 10 00:24:02 UTC 2020 x86_64",
		"timestamp":	{
			"time":	"Mon, 13 May 2024 11:42:13 GMT",
			"timesecs":	1715600533
		},
		"connecting_to":	{
			"host":	"10.0.0.2",
			"port":	5201
		},
		"cookie":	"3tofmisgss76t2xn5b5zlnl4hi3cw5lm7wcu",
		"tcp_mss_default":	1448,
		"sock_bufsize":	0,
		"sndbuf_actual":	87380,
		"rcvbuf_actual":	87380,
		"test_start":	{
			"protocol":	"TCP",
			"num_streams":	1,
			"blksize":	131072,
			"omit":	0,
			"duration":	30,
			"bytes":	0,
			"blocks":	0,
			"reverse":	0,
			"tos":	0
		}
	},
	"intervals":	[{
			"streams":	[{
					"socket":	5,
					"start":	0,
					"end":	1.000087,
					"seconds":	1.0000870227813721,
					"bytes":	116550432,
					"bits_per_second":	932322322.71834183,
					"retransmits":	3749,
					"snd_cwnd":	5715256,
					"rtt":	47374,
					"rttvar":	30,
					"pmtu":	1500,
					"omitted":	false,
					"sender":	true
				}],
			"sum":	{
				"start":	0,
				"end":	1.000087,
				"seconds":	1.0000870227813721,
				"bytes":	116550432,
				"bits_per_second":	932322322.71834183,
				"retransmits":	3749,
				"omitted":	false,
				"sender":	true
			}
		}, {
			"streams":	[{
					"socket":	5,
					"start":	1.000087,
					"end":	2.000162,
					"seconds":	1.0000749826431274,
					"bytes":	120586240,
					"bits_per_second":	964617590.42346287,
					"retransmits":	0,
					"snd_cwnd":	5745664,
					"rtt":	47895,
					"rttvar":	151,
					"pmtu":	1500,
					"omitted":	false,
					"sender":	true
				}],
			"sum":	{
				"start":	1.000087,
				"end":	2.000162,
				"seconds":	1.0000749826431274,
				"bytes":	120586240,
				"bits_per_second":	964617590.42346287,
				"retransmits":	0,
				"omitted":	false,
				"sender":	true
			}
		}, {
			"streams":	[{
					"socket":	5,
					"start":	2.000162,
					"end":	3.000195,
					"seconds":	1.0000330209732056,
					"bytes":	119275520,
					"bits_per_second":	954172652.29041529,
					"retransmits":	0,
					"snd_cwnd":	5776072,
					"rtt":	47965,
					"rttvar":	163,
					"pmtu":	1500,
					"omitted":	false,
					"sender":	true
				}],
			"sum":	{
				"start":	2.000162,
				"end":	3.000195,
				"seconds":	1.0000330209732056,
				"bytes":	119275520,
				"bits_per_second":	954172652.29041529,
				"retransmits":	0,
				"omitted":	false,
				"sender":	true
			}
		}, {
			"streams":	[{
					"socket":	5,
					"start":	3.000195,
					"end":	4.00044,
					"seconds":	1.0002449750900269,
					"bytes":	119275520,
					"bits_per_second":	953970461.00043344,
					"retransmits":	0,
					"snd_cwnd":	5805032,
					"rtt":	48485,
					"rttvar":	187,
					"pmtu":	1500,
					"omitted":	false,
					"sender":	true
				}],
			"sum":	{
				"start":	3.000195,
				"end":	4.00044,
				"seconds":	1.0002449750900269,
				"bytes":	119275520,
				"bits_per_second":	953970461.00043344,
				"retransmits":	0,
				"omitted":	false,
				"sender":	true
			}
		}, {
			"streams":	[{
					"socket":	5,
					"start":	4.00044,
					"end":	5.000061,
					"seconds":	0.99962097406387329,
					"bytes":	119275520,
					"bits_per_second":	954565965.25857687,
					"retransmits":	0,
					"snd_cwnd":	5835440,
					"rtt":	48464,
					"rttvar":	137,
					"pmtu":	1500,
					"omitted":	false,
					"sender":	true
				}],
			"sum":	{
				"start":	4.00044,
				"end":	5.000061,
				"seconds":	0.99962097406387329,
				"bytes":	119275520,
				"bits_per_second":	954565965.25857687,
				"retransmits":	0,
				"omitted":	false,
				"sender":	true
			}
		}, {
			"streams":	[{
					"socket":	5,
					"start":	5.000061,
					"end":	6.000203,
					"seconds":	1.000141978263855,
					"bytes":	111411200,
					"bits_per_second":	891163074.21391141,
					"retransmits":	0,
					"snd_cwnd":	5862952,
					"rtt":	108480,
					"rttvar":	17929,
					"pmtu":	1500,
					"omitted":	false,
					"sender":	true
				}],
			"sum":	{
				"start":	5.000061,
				"end":	6.000203,
				"seconds":	1.000141978263855,
				"bytes":	111411200,
				"bits_per_second":	891163074.21391141,
				"retransmits":	0,
				"omitted":	false,
				"sender":	true
			}
		}, {
			"streams":	[{
					"socket":	5,
					"start":	6.000203,
					"end":	7.000395,
					"seconds":	1.0001920461654663,
					"bytes":	36700160,
					"bits_per_second":	293544905.82644385,
					"retransmits":	2790,
					"snd_cwnd":	1475512,
					"rtt":	43810,
					"rttvar":	15227,
					"pmtu":	1500,
					"omitted":	false,
					"sender":	true
				}],
			"sum":	{
				"start":	6.000203,
				"end":	7.000395,
				"seconds":	1.0001920461654663,
				"bytes":	36700160,
				"bits_per_second":	293544905.82644385,
				"retransmits":	2790,
				"omitted":	false,
				"sender":	true
			}
		}, {
			"streams":	[{
					"socket":	5,
					"start":	7.000395,
					"end":	8.024472,
					"seconds":	1.02407705783844,
					"bytes":	27525120,
					"bits_per_second":	215023819.07157153,
					"retransmits":	0,
					"snd_cwnd":	1497232,
					"rtt":	58576,
					"rttvar":	24382,
					"pmtu":	1500,
					"omitted":	false,
					"sender":	true
				}],
			"sum":	{
				"start":	7.000395,
				"end":	8.024472,
				"seconds":	1.02407705783844,
				"bytes":	27525120,
				"bits_per_second":	215023819.07157153,
				"retransmits":	0,
				"omitted":	false,
				"sender":	true
			}
		}, {
			"streams":	[{
					"socket":	5,
					"start":	8.024472,
					"end":	9.000232,
					"seconds":	0.97575998306274414,
					"bytes":	20971520,
					"bits_per_second":	171939988.22680944,
					"retransmits":	0,
					"snd_cwnd":	1514608,
					"rtt":	31110,
					"rttvar":	186,
					"pmtu":	1500,
					"omitted":	false,
					"sender":	true
				}],
			"sum":	{
				"start":	8.024472,
				"end":	9.000232,
				"seconds":	0.97575998306274414,
				"bytes":	20971520,
				"bits_per_second":	171939988.22680944,
				"retransmits":	0,
				"omitted":	false,
				"sender":	true
			}
		}, {
			"streams":	[{
					"socket":	5,
					"start":	9.000232,
					"end":	10.000387,
					"seconds":	1.000154972076416,
					"bytes":	24903680,
					"bits_per_second":	199198569.78402147,
					"retransmits":	0,
					"snd_cwnd":	1530536,
					"rtt":	49904,
					"rttvar":	4521,
					"pmtu":	1500,
					"omitted":	false,
					"sender":	true
				}],
			"sum":	{
				"start":	9.000232,
				"end":	10.000387,
				"seconds":	1.000154972076416,
				"bytes":	24903680,
				"bits_per_second":	199198569.78402147,
				"retransmits":	0,
				"omitted":	false,
				"sender":	true
			}
		}, {
			"streams":	[{
					"socket":	5,
					"start":	10.000387,
					"end":	11.00026,
					"seconds":	0.99987298250198364,
					"bytes":	31457280,
					"bits_per_second":	251690209.06063008,
					"retransmits":	0,
					"snd_cwnd":	1553704,
					"rtt":	56881,
					"rttvar":	25683,
					"pmtu":	1500,
					"omitted":	false,
					"sender":	true
				}],
			"sum":	{
				"start":	10.000387,
				"end":	11.00026,
				"seconds":	0.99987298250198364,
				"bytes":	31457280,
				"bits_per_second":	251690209.06063008,
				"retransmits":	0,
				"omitted":	false,
				"sender":	true
			}
		}, {
			"streams":	[{
					"socket":	5,
					"start":	11.00026,
					"end":	12.0002,
					"seconds":	0.99993997812271118,
					"bytes":	39321600,
					"bits_per_second":	314591682.38335609,
					"retransmits":	0,
					"snd_cwnd":	1581216,
					"rtt":	74245,
					"rttvar":	27088,
					"pmtu":	1500,
					"omitted":	false,
					"sender":	true
				}],
			"sum":	{
				"start":	11.00026,
				"end":	12.0002,
				"seconds":	0.99993997812271118,
				"bytes":	39321600,
				"bits_per_second":	314591682.38335609,
				"retransmits":	0,
				"omitted":	false,
				"sender":	true
			}
		}, {
			"streams":	[{
					"socket":	5,
					"start":	12.0002,
					"end":	13.000277,
					"seconds":	1.0000770092010498,
					"bytes":	38010880,
					"bits_per_second":	304063624.30322409,
					"retransmits":	0,
					"snd_cwnd":	1608728,
					"rtt":	37483,
					"rttvar":	197,