{
	"start":	{
		"connected":	[{
				"socket":	5,
				"local_host":	"10.0.0.1",
				"local_port":	36216,
				"remote_host":	"10.0.0.2",
				"remote_port":	5201
			}],
		"version":	"iperf 3.7",
		"system_info":	"Linux mininet-vm 5.4.0-42-generic #46-Ubuntu SMP Fri Jul 10 00:24:02 UTC 2020 x86_64",
		"timestamp":	{
			"time":	"Mon, 13 May 2024 11:56:52 GMT",
			"timesecs":	1715601412
		},
		"connecting_to":	{
			"host":	"10.0.0.2",
			"port":	5201
		},
		"cookie":	"oqqoilytmdadkslgc6m6f47ka4uzq46vmbae",
		"tcp_mss_default":	1448,
		"sock_bufsize":	0,
		"sndbuf_actual":	87380,
		"rcvbuf_actual":	87380,
		"test_start":	{
			"protocol":	"TCP",
			"num_streams":	1,
			"blksize":	131072,
			"omit":	10,
			"duration":	20,
			"bytes":	0,
			"blocks":	0,
			"reverse":	0,
			"tos":	0
		}
	},
	"intervals":	[{
			"streams":	[{
					"socket":	5,
					"start":	0,
					"end":	1.000404,
					"seconds":	1.0004040002822876,
					"bytes":	122515280,
					"bits_per_second":	979726430.2456162,
					"retransmits":	0,
					"snd_cwnd":	315664,
					"rtt":	1111,
					"rttvar":	102,
					"pmtu":	1500,
					"omitted":	true,
					"sender":	true
				}],
			"sum":	{
				"start":	0,
				"end":	1.000404,
				"seconds":	1.0004040002822876,
				"bytes":	122515280,
				"bits_per_second":	979726430.2456162,
				"retransmits":	0,
				"omitted":	true,
				"sender":	true
			}
		}, {
			"streams":	[{
					"socket":	5,
					"start":	1.000404,
					"end":	2.000292,
					"seconds":	0.999888002872467,
					"bytes":	119177640,
					"bits_per_second":	953527912.38720989,
					"retransmits":	0,
					"snd_cwnd":	266432,
					"rtt":	1062,
					"rttvar":	49,
					"pmtu":	1500,
					"omitted":	true,
					"sender":	true
				}],
			"sum":	{
				"start":	1.000404,
				"end":	2.000292,
				"seconds":	0.999888002872467,
				"bytes":	119177640,
				"bits_per_second":	953527912.38720989,
				"retransmits":	0,
				"omitted":	true,
				"sender":	true
			}
		}, {
			"streams":	[{
					"socket":	5,
					"start":	2.000292,
					"end":	3.000223,
					"seconds":	0.9999309778213501,
					"bytes":	120220200,
					"bits_per_second":	961827987.46318114,
					"retransmits":	0,
					"snd_cwnd":	295392,
					"rtt":	1117,
					"rttvar":	184,
					"pmtu":	1500,
					"omitted":	true,
					"sender":	true
				}],
			"sum":	{
				"start":	2.000292,
				"end":	3.000223,
				"seconds":	0.9999309778213501,
				"bytes":	120220200,
				"bits_per_second":	961827987.46318114,
				"retransmits":	0,
				"omitted":	true,
				"sender":	true
			}
		}, {
			"streams":	[{
					"socket":	5,
					"start":	3.000223,
					"end":	4.000095,
					"seconds":	0.99987202882766724,
					"bytes":	101917760,
					"bits_per_second":	815446433.636087,
					"retransmits":	68,
					"snd_cwnd":	309872,
					"rtt":	1114,
					"rttvar":	181,
					"pmtu":	1500,
					"omitted":	true,
					"sender":	true
				}],
			"sum":	{
				"start":	3.000223,
				"end":	4.000095,
				"seconds":	0.99987202882766724,
				"bytes":	101917760,
				"bits_per_second":	815446433.636087,
				"retransmits":	68,
				"omitted":	true,
				"sender":	true
			}
		}, {
			"streams":	[{
					"socket":	5,
					"start":	4.000095,
					"end":	5.000337,
					"seconds":	1.0002419948577881,
					"bytes":	118583680,
					"bits_per_second":	948439922.41585445,
					"retransmits":	0,
					"snd_cwnd":	306976,
					"rtt":	1094,
					"rttvar":	121,
					"pmtu":	1500,
					"omitted":	true,
					"sender":	true
				}],
			"sum":	{
				"start":	4.000095,
				"end":	5.000337,
				"seconds":	1.0002419948577881,
				"bytes":	118583680,
				"bits_per_second":	948439922.41585445,
				"retransmits":	0,
				"omitted":	true,
				"sender":	true
			}
		}, {
			"streams":	[{
					"socket":	5,
					"start":	5.000337,
					"end":	6.000244,
					"seconds":	0.99990701675415039,
					"bytes":	119894400,
					"bits_per_second":	959244393.65728533,
					"retransmits":	0,
					"snd_cwnd":	286704,
					"rtt":	1079,
					"rttvar":	88,
					"pmtu":	1500,
					"omitted":	true,
					"sender":	true
				}],
			"sum":	{
				"start":	5.000337,
				"end":	6.000244,
				"seconds":	0.99990701675415039,
				"bytes":	119894400,
				"bits_per_second":	959244393.65728533,
				"retransmits":	0,
				"omitted":	true,
				"sender":	true
			}
		}, {
			"streams":	[{
					"socket":	5,
					"start":	6.000244,
					"end":	7.000814,
					"seconds":	1.0005700588226318,
					"bytes":	102975360,
					"bits_per_second":	823333531.45642459,
					"retransmits":	64,
					"snd_cwnd":	587888,
					"rtt":	2620,
					"rttvar":	2880,
					"pmtu":	1500,
					"omitted":	true,
					"sender":	true
				}],
			"sum":	{
				"start":	6.000244,
				"end":	7.000814,
				"seconds":	1.0005700588226318,
				"bytes":	102975360,
				"bits_per_second":	823333531.45642459,
				"retransmits":	64,
				"omitted":	true,
				"sender":	true
			}
		}, {
			"streams":	[{
					"socket":	5,
					"start":	7.000814,
					"end":	8.000301,
					"seconds":	0.99948698282241821,
					"bytes":	114032640,
					"bits_per_second":	912729365.84316087,
					"retransmits":	0,
					"snd_cwnd":	318560,
					"rtt":	1168,
					"rttvar":	143,
					"pmtu":	1500,
					"omitted":	true,
					"sender":	true
				}],
			"sum":	{
				"start":	7.000814,
				"end":	8.000301,
				"seconds":	0.99948698282241821,
				"bytes":	114032640,
				"bits_per_second":	912729365.84316087,
				"retransmits":	0,
				"omitted":	true,
				"sender":	true
			}
		}, {
			"streams":	[{
					"socket":	5,
					"start":	8.000301,
					"end":	9.000024,
					"seconds":	0.99972301721572876,
					"bytes":	119275520,
					"bits_per_second":	954468531.351313,
					"retransmits":	0,
					"snd_cwnd":	309872,
					"rtt":	1133,
					"rttvar":	84,
					"pmtu":	1500,
					"omitted":	true,
					"sender":	true
				}],
			"sum":	{
				"start":	8.000301,
				"end":	9.000024,
				"seconds":	0.99972301721572876,
				"bytes":	119275520,
				"bits_per_second":	954468531.351313,
				"retransmits":	0,
				"omitted":	true,
				"sender":	true
			}
		}, {
			"streams":	[{
					"socket":	5,
					"start":	9.000024,
					"end":	10.000288,
					"seconds":	1.000264048576355,
					"bytes":	110100480,
					"bits_per_second":	880571326.39488637,
					"retransmits":	0,
					"snd_cwnd":	306976,
					"rtt":	1695,
					"rttvar":	309,
					"pmtu":	1500,
					"omitted":	true,
					"sender":	true
				}],
			"sum":	{
				"start":	9.000024,
				"end":	10.000288,
				"seconds":	1.000264048576355,
				"bytes":	110100480,
				"bits_per_second":	880571326.39488637,
				"retransmits":	0,
				"omitted":	true,
				"sender":	true
			}
		}, {
			"streams":	[{
					"socket":	5,
					"start":	2.8e-05,
					"end":	1.000335,
					"seconds":	1.0003629922866821,
					"bytes":	108789760,
					"bits_per_second":	870002275.88445807,
					"retransmits":	45,
					"snd_cwnd":	312768,
					"rtt":	1072,
					"rttvar":	31,
					"pmtu":	1500,
					"omitted":	false,
					"sender":	true
				}],
			"sum":	{
				"start":	2.8e-05,
				"end":	1.000335,
				"seconds":	1.0003629922866821,
				"bytes":	108789760,
				"bits_per_second":	870002275.88445807,
				"retransmits":	45,
				"omitted":	false,
				"sender":	true
			}
		}, {
			"streams":	[{
					"socket":	5,
					"start":	1.000335,
					"end":	2.000031,
					"seconds":	0.99969601631164551,
					"bytes":	119275520,
					"bits_per_second":	954494310.70108032,
					"retransmits":	0,
					"snd_cwnd":	315664,
					"rtt":	1102,
					"rttvar":	33,
					"pmtu":	1500,
					"omitted":	false,
					"sender":	true
				}],
			"sum":	{
				"start":	1.000335,
				"end":	2.000031,
				"seconds":	0.99969601631164551,
				"bytes":	119275520,
				"bits_per_second":	954494310.70108032,
				"retransmits":	0,
				"omitted":	false,
				"sender":	true
			}
		}, {
			"streams":	[{
					"socket":	5,
					"start":	2.000031,
					"end":	3.000086,
					"seconds":	1.0000549554824829,
					"bytes":	108789760,
					"bits_per_second":	870270253.87830758,
					"retransmits":	0,
					"snd_cwnd":	309872,
					"rtt":	1111,
					"rttvar":	56,
					"pmtu":	1500,
					"omitted":	false,