{
	"start":	{
		"connected":	[{
				"socket":	5,
				"local_host":	"10.0.0.1",
				"local_port":	36220,
				"remote_host":	"10.0.0.2",
				"remote_port":	5201
			}],
		"version":	"iperf 3.7",
		"system_info":	"Linux mininet-vm 5.4.0-42-generic #46-Ubuntu SMP Fri Jul 10 00:24:02 UTC 2020 x86_64",
		"timestamp":	{
			"time":	"Mon, 13 May 2024 11:57:22 GMT",
			"timesecs":	1715601442
		},
		"connecting_to":	{
			"host":	"10.0.0.2",
			"port":	5201
		},
		"cookie":	"cuvv6hedwdbcrixmgrjnv47f5zfogdc3uoiu",
		"tcp_mss_default":	1448,
		"sock_bufsize":	0,
		"sndbuf_actual":	87380,
		"rcvbuf_actual":	87380,
		"test_start":	{
			"protocol":	"TCP",
			"num_streams":	1,
			"blksize":	131072,
			"omit":	0,
			"duration":	30,
			"bytes":	0,
			"blocks":	0,
			"reverse":	0,
			"tos":	0
		}
	},
	"intervals":	[{
			"streams":	[{
					"socket":	5,
					"start":	0,
					"end":	1.000372,
					"seconds":	1.000372052192688,
					"bytes":	644360,
					"bits_per_second":	5152962.8288806751,
					"retransmits":	0,
					"snd_cwnd":	99912,
					"rtt":	57481,
					"rttvar":	22323,
					"pmtu":	1500,
					"omitted":	false,
					"sender":	true
				}],
			"sum":	{
				"start":	0,
				"end":	1.000372,
				"seconds":	1.000372052192688,
				"bytes":	644360,
				"bits_per_second":	5152962.8288806751,
				"retransmits":	0,
				"omitted":	false,
				"sender":	true
			}
		}, {
			"streams":	[{
					"socket":	5,
					"start":	1.000372,
					"end":	2.000999,
					"seconds":	1.0006270408630371,
					"bytes":	1672440,
					"bits_per_second":	13371135.751498595,
					"retransmits":	0,
					"snd_cwnd":	199824,
					"rtt":	31755,
					"rttvar":	2372,
					"pmtu":	1500,
					"omitted":	false,
					"sender":	true
				}],
			"sum":	{
				"start":	1.000372,
				"end":	2.000999,
				"seconds":	1.0006270408630371,
				"bytes":	1672440,
				"bits_per_second":	13371135.751498595,
				"retransmits":	0,
				"omitted":	false,
				"sender":	true
			}
		}, {
			"streams":	[{
					"socket":	5,
					"start":	2.000999,
					"end":	3.00021,
					"seconds":	0.99921101331710815,
					"bytes":	586440,
					"bits_per_second":	4695224.4695796864,
					"retransmits":	0,
					"snd_cwnd":	201272,
					"rtt":	66149,
					"rttvar":	30361,
					"pmtu":	1500,
					"omitted":	false,
					"sender":	true
				}],
			"sum":	{
				"start":	2.000999,
				"end":	3.00021,
				"seconds":	0.99921101331710815,
				"bytes":	586440,
				"bits_per_second":	4695224.4695796864,
				"retransmits":	0,
				"omitted":	false,
				"sender":	true
			}
		}, {
			"streams":	[{
					"socket":	5,
					"start":	3.00021,
					"end":	4.008721,
					"seconds":	1.008510947227478,
					"bytes":	586440,
					"bits_per_second":	4651927.6889334433,
					"retransmits":	0,
					"snd_cwnd":	202720,
					"rtt":	70709,
					"rttvar":	51516,
					"pmtu":	1500,
					"omitted":	false,
					"sender":	true
				}],
			"sum":	{
				"start":	3.00021,
				"end":	4.008721,
				"seconds":	1.008510947227478,
				"bytes":	586440,
				"bits_per_second":	4651927.6889334433,
				"retransmits":	0,
				"omitted":	false,
				"sender":	true
			}
		}, {
			"streams":	[{
					"socket":	5,
					"start":	4.008721,
					"end":	5.001407,
					"seconds":	0.99268597364425659,
					"bytes":	0,
					"bits_per_second":	0,
					"retransmits":	0,
					"snd_cwnd":	202720,
					"rtt":	46953,
					"rttvar":	25602,
					"pmtu":	1500,
					"omitted":	false,
					"sender":	true
				}],
			"sum":	{
				"start":	4.008721,
				"end":	5.001407,
				"seconds":	0.99268597364425659,
				"bytes":	0,
				"bits_per_second":	0,
				"retransmits":	0,
				"omitted":	false,
				"sender":	true
			}
		}, {
			"streams":	[{
					"socket":	5,
					"start":	5.001407,
					"end":	6.001109,
					"seconds":	0.999701976776123,
					"bytes":	651600,
					"bits_per_second":	5214353.9985890957,
					"retransmits":	0,
					"snd_cwnd":	202720,
					"rtt":	32449,
					"rttvar":	3086,
					"pmtu":	1500,
					"omitted":	false,
					"sender":	true
				}],
			"sum":	{
				"start":	5.001407,
				"end":	6.001109,
				"seconds":	0.999701976776123,
				"bytes":	651600,
				"bits_per_second":	5214353.9985890957,
				"retransmits":	0,
				"omitted":	false,
				"sender":	true
			}
		}, {
			"streams":	[{
					"socket":	5,
					"start":	6.001109,
					"end":	7.000608,
					"seconds":	0.99949902296066284,
					"bytes":	586440,
					"bits_per_second":	4693871.52185805,
					"retransmits":	0,
					"snd_cwnd":	204168,
					"rtt":	35523,
					"rttvar":	4090,
					"pmtu":	1500,
					"omitted":	false,
					"sender":	true
				}],
			"sum":	{
				"start":	6.001109,
				"end":	7.000608,
				"seconds":	0.99949902296066284,
				"bytes":	586440,
				"bits_per_second":	4693871.52185805,
				"retransmits":	0,
				"omitted":	false,
				"sender":	true
			}
		}, {
			"streams":	[{
					"socket":	5,
					"start":	7.000608,
					"end":	8.000412,
					"seconds":	0.99980401992797852,
					"bytes":	586440,
					"bits_per_second":	4692439.6246555969,
					"retransmits":	0,
					"snd_cwnd":	205616,
					"rtt":	31988,
					"rttvar":	2347,
					"pmtu":	1500,
					"omitted":	false,
					"sender":	true
				}],
			"sum":	{
				"start":	7.000608,
				"end":	8.000412,
				"seconds":	0.99980401992797852,
				"bytes":	586440,
				"bits_per_second":	4692439.6246555969,
				"retransmits":	0,
				"omitted":	false,
				"sender":	true
			}
		}, {
			"streams":	[{
					"socket":	5,
					"start":	8.000412,
					"end":	9.000072,
					"seconds":	0.99966001510620117,
					"bytes":	586440,
					"bits_per_second":	4693115.58840491,
					"retransmits":	0,
					"snd_cwnd":	207064,
					"rtt":	46795,
					"rttvar":	24402,
					"pmtu":	1500,
					"omitted":	false,
					"sender":	true
				}],
			"sum":	{
				"start":	8.000412,
				"end":	9.000072,
				"seconds":	0.99966001510620117,
				"bytes":	586440,
				"bits_per_second":	4693115.58840491,
				"retransmits":	0,
				"omitted":	false,
				"sender":	true
			}
		}, {
			"streams":	[{
					"socket":	5,
					"start":	9.000072,
					"end":	10.000147,
					"seconds":	1.0000749826431274,
					"bytes":	586440,
					"bits_per_second":	4691168.2438057242,
					"retransmits":	0,
					"snd_cwnd":	207064,
					"rtt":	35779,
					"rttvar":	9074,
					"pmtu":	1500,
					"omitted":	false,
					"sender":	true
				}],
			"sum":	{
				"start":	9.000072,
				"end":	10.000147,
				"seconds":	1.0000749826431274,
				"bytes":	586440,
				"bits_per_second":	4691168.2438057242,
				"retransmits":	0,
				"omitted":	false,
				"sender":	true
			}
		}, {
			"streams":	[{
					"socket":	5,
					"start":	10.000147,
					"end":	11.000521,
					"seconds":	1.0003739595413208,
					"bytes":	586440,
					"bits_per_second":	4689766.2171765231,
					"retransmits":	0,
					"snd_cwnd":	209960,
					"rtt":	31649,
					"rttvar":	2194,
					"pmtu":	1500,
					"omitted":	false,
					"sender":	true
				}],
			"sum":	{
				"start":	10.000147,
				"end":	11.000521,
				"seconds":	1.0003739595413208,
				"bytes":	586440,
				"bits_per_second":	4689766.2171765231,
				"retransmits":	0,
				"omitted":	false,
				"sender":	true
			}
		}, {
			"streams":	[{
					"socket":	5,
					"start":	11.000521,
					"end":	12.000437,
					"seconds":	0.99991601705551147,
					"bytes":	586440,
					"bits_per_second":	4691914.04075643,
					"retransmits":	0,
					"snd_cwnd":	211408,
					"rtt":	32325,
					"rttvar":	3486,
					"pmtu":	1500,
					"omitted":	false,
					"sender":	true
				}],
			"sum":	{
				"start":	11.000521,
				"end":	12.000437,
				"seconds":	0.99991601705551147,
				"bytes":	586440,
				"bits_per_second":	4691914.04075643,
				"retransmits":	0,
				"omitted":	false,
				"sender":	true
			}
		}, {
			"streams":	[{
					"socket":	5,
					"start":	12.000437,
					"end":	13.000249,
					"seconds":	0.99981200695037842,
					"bytes":	586440,
					"bits_per_second":	4692402.13898816,
					"retransmits":	0,
					"snd_cwnd":	212856,
					"rtt":	50838,
					"rttvar":	29908,
					"pmtu":	1500,
					"omitted":	false,
					"sender":	true
				}],
			"sum":	{
				"start":	12.000437,